pic1,pic2
A2ETXCA9X5P484_dessert,A28VE2YSRYE3B8_dessert
63052_reptile,APGX2WZ59OWDN_reptile
A10IZOZGBH42K_furniture,A270HX8LH9LJ8W_furniture
A1PR74OHURJNTO_furniture,A1QC1K71RGKZBI_furniture
A1SYEV7KNG8VK6_furniture,ASVRLMDNQBUD9_furniture
62983_reptile,63026_reptile
63013_dessert,ADWPGLPZY9W2D_dessert
63033_furniture,A2HFBFZEJLIGBG_furniture
63044_furniture,A2ATXOR5WL2S0Q_furniture
63055_reptile,A2OVX9UW5WANQE_reptile
63074_dessert,A2OYD076D953N1_dessert
63096_dessert,APGX2WZ59OWDN_dessert
63100_furniture,A2GKX7OV3D8A3T_furniture
A1AZTE5W2MF1TU_dessert,ANNVWKERLZG9A_dessert
A1IEAOCJNSPVRX_dessert,A2BZY06YRWGEDL_dessert
A1OZN075MPLC9V_furniture,A24T9XN1KYZSCY_furniture
A1OZN075MPLC9V_reptile,A2ATXOR5WL2S0Q_reptile
A1XVEKS9O73ERE_furniture,A2UBEPT605E8T2_furniture
A2B7SPYBPF7H8I_appliance,A35VQH6X5A6SIG_appliance
A2FXD55FJV1RSV_furniture,A28W67ZXNQ3K19_furniture
A2LAMCJLVCRQ4T_reptile,A2OVX9UW5WANQE_reptile
A2R72PEQOZAINO_dessert,ATP43ZVI1RP0C_dessert
A2R89RXGEVG05I_dessert,AS4E902OXUO5Z_dessert
A2UBEPT605E8T2_appliance,AD14EQ9O9JKRI_appliance
A2UBEPT605E8T2_reptile,A134S0D2DGBLZM_reptile
A2VKWFC65HPX8I_appliance,A245CIYS63PTF2_appliance
A3CF8ULBSE8MTL_appliance,A134S0D2DGBLZM_appliance
ANNVWKERLZG9A_appliance,AU5UJIZ3TLI5M_appliance
62983_appliance,ACAJFF4MF5S5X_appliance
62998_dessert,AQA46IS6AUNA8_dessert
62998_furniture,AD6JOGDEDAQ4U_furniture
62999_dessert,A38DHLB88V8DL8_dessert
63001_appliance,A2OVX9UW5WANQE_appliance
63016_reptile,A3G9BVVZ14580D_reptile
63033_furniture,A1C7UV2UT2S9T7_furniture
63033_reptile,A1T8LV8EOI43UN_reptile
63039_dessert,A3PM52Y3NBMHCD_dessert
63039_furniture,AJZC3FBSU0GE6_furniture
63044_dessert,A3JZLYQ606HJJR_dessert
63050_furniture,A1UU6W7EDFNGSD_furniture
63057_furniture,63065_furniture
63057_furniture,A1YL6RUUTJ2U3Z_furniture
63058_appliance,APUJ5CWJYKGD7_appliance
63065_appliance,APGX2WZ59OWDN_appliance
63071_reptile,A2VKWFC65HPX8I_reptile
63083_appliance,ATP43ZVI1RP0C_appliance
63096_appliance,A2VKWFC65HPX8I_appliance
63096_reptile,A3NGTGQGRTG4OO_reptile
63100_dessert,A2X7705RU1QQYB_dessert
63114_furniture,A245CIYS63PTF2_furniture
A15ZLQU8M9MMXS_dessert,A134S0D2DGBLZM_dessert
A15ZLQU8M9MMXS_reptile,ADWPGLPZY9W2D_reptile
A16HSMUJ7C7QA7_dessert,ASW9MABLSXSPK_dessert
A1AZTE5W2MF1TU_appliance,A1PR74OHURJNTO_appliance
A1AZTE5W2MF1TU_appliance,AACAZJ002WUOU_appliance
A1DS5O8MSI3ZH0_furniture,A2C84POENS2UNY_furniture
A1DSBBRZR3LWXP_furniture,AS4E902OXUO5Z_furniture
A1EAR8424WFLGO_dessert,A2AJX9RMXPP9PW_dessert
A1FYFBIFYWTMJS_appliance,A2ATXOR5WL2S0Q_appliance
A1IEAOCJNSPVRX_furniture,AK4KI832ZS8MW_furniture
A1IMO5XR05U7S5_appliance,A8XGLC20WBV8B_appliance
A1JJYY622DGE5L_reptile,A2APG8MSLJ6G2K_reptile
A1L3937MY09J3I_furniture,A2GMDKTOE1766G_furniture
A1L3937MY09J3I_reptile,A198MSVO1VTAT5_reptile
A1LCK6QNWR53QI_appliance,AKNLD4GWEGW4U_appliance
A1PR74OHURJNTO_furniture,A2390O5HIZMMZS_furniture
A1SYEV7KNG8VK6_appliance,AG3ISFZMFGDQ9_appliance
A1T8LV8EOI43UN_appliance,AD1PP40BCLSD2_appliance
A1T8LV8EOI43UN_reptile,ACAJFF4MF5S5X_reptile
A1UU6W7EDFNGSD_reptile,AUN4BGGKSK045_reptile
A1ZB2NY0F9QNP0_furniture,A3VRDQJNM1IC0E_furniture
A2A76DZHF7N9AB_reptile,A2HZSG2OHU7O8P_reptile
A2ATXOR5WL2S0Q_dessert,A2XW91EHCZ3T3V_dessert
A2ATXOR5WL2S0Q_dessert,ASVRLMDNQBUD9_dessert
A2B7SPYBPF7H8I_furniture,AACAZJ002WUOU_furniture
A2BZY06YRWGEDL_furniture,AQA46IS6AUNA8_furniture
A2E54SBBSW4B7U_furniture,A25PFSORDO3SWQ_furniture
A2EI9E6EBZEZO1_furniture,A25PFSORDO3SWQ_furniture
A2ETXCA9X5P484_reptile,AD14EQ9O9JKRI_reptile
A2FVI9R2TRXCUH_reptile,A3NGTGQGRTG4OO_reptile
A2G7DTL156PTKA_reptile,A3JW215NW77ZTU_reptile
A2GO2OXS4VM1PR_dessert,A2R89RXGEVG05I_dessert
A2HFBFZEJLIGBG_appliance,A37P8UZ3SAKM7A_appliance
A2HFBFZEJLIGBG_furniture,A12MV66U9VGLQ1_furniture
A2HZSG2OHU7O8P_appliance,AG9LWKO86TNHG_appliance
A2MOD3TN7HL7II_furniture,AS4E902OXUO5Z_furniture
A2PBRGT71DUYOY_dessert,AS4E902OXUO5Z_dessert
A2R89RXGEVG05I_furniture,A3PM52Y3NBMHCD_furniture
A2T1LNI80EPOQR_dessert,AD1PP40BCLSD2_dessert
A2TQCLAV1NQW5N_dessert,A3BFMY5OX2WMUW_dessert
A2UBEPT605E8T2_reptile,A8XGLC20WBV8B_reptile
A2UMVPFBDCK5GK_reptile,A3BFMY5OX2WMUW_reptile
A2VKWFC65HPX8I_dessert,A7WJINDR01OCU_dessert
A2XMFTY9WB05U6_dessert,A2YTGHCG4PJKYW_dessert
A2YGAEODJ5SSF6_appliance,AV5FCKI1TTSKR_appliance
A2YTGHCG4PJKYW_dessert,ALAEBEEHK525U_dessert
A38DHLB88V8DL8_appliance,APUJ5CWJYKGD7_appliance
A3BFMY5OX2WMUW_dessert,A28VE2YSRYE3B8_dessert
A3G9BVVZ14580D_reptile,A3ICFFGBUY4WP9_reptile
A3JW215NW77ZTU_furniture,ADWPGLPZY9W2D_furniture
A3PKTPXXORWR97_appliance,AD1PP40BCLSD2_appliance
A3PM52Y3NBMHCD_appliance,AVT79B8F5O9LI_appliance
A3SH7B3UK915FC_appliance,AG9LWKO86TNHG_appliance
A3SH7B3UK915FC_furniture,APEHS2JTA3FZJ_furniture
AJZC3FBSU0GE6_reptile,APGX2WZ59OWDN_reptile